first_name,last_name,city,state,zip
James,Butt,New Orleans,LA,70116
Josephine,Darakjy,Brighton,MI,48116
Art,Venere,Bridgeport,NJ,8014
Lenna,Paprocki,Anchorage,AK,99501
Donette,Foller,Hamilton,OH,45011
Simona,Morasca,Ashland,OH,44805
Mitsue,Tollner,Chicago,IL,60632
Leota,Dilliard,San Jose,CA,95111
Sage,Wieser,Sioux Falls,SD,57105
Kris,Marrier,Baltimore,MD,21224
Minna,Amigon,Kulpsville,PA,19443
Abel,Maclead,Middle Island,NY,11953
Kiley,Caldarera,Los Angeles,CA,90034
Graciela,Ruta,Chagrin Falls,OH,44023
Cammy,Albares,Laredo,TX,78045
Mattie,Poquette,Phoenix,AZ,85013
Meaghan,Garufi,Mc Minnville,TN,37110
Gladys,Rim,Milwaukee,WI,53207
Yuki,Whobrey,Taylor,MI,48180
Fletcher,Flosi,Rockford,IL,61109
Bette,Nicka,Aston,PA,19014
Veronika,Inouye,San Jose,CA,95111
Willard,Kolmetz,Irving,TX,75062
Maryann,Royster,Albany,NY,12204
Alisha,Slusarski,Middlesex,NJ,8846
Allene,Iturbide,Stevens Point,WI,54481
Chanel,Caudy,Shawnee,KS,66218
Ezekiel,Chui,Easton,MD,21601
Willow,Kusko,New York,NY,10011
Bernardo,Figeroa,Conroe,TX,77301
Ammie,Corrio,Columbus,OH,43215
Francine,Vocelka,Las Cruces,NM,88011
Ernie,Stenseth,Ridgefield Park,NJ,7660
Albina,Glick,Dunellen,NJ,8812
Alishia,Sergi,New York,NY,10025
Solange,Shinko,Metairie,LA,70002
Jose,Stockham,New York,NY,10011
Rozella,Ostrosky,Camarillo,CA,93012
Valentine,Gillian,San Antonio,TX,78204
Kati,Rulapaugh,Abilene,KS,67410
Youlanda,Schemmer,Prineville,OR,97754
Dyan,Oldroyd,Overland Park,KS,66204
Roxane,Campain,Fairbanks,AK,99708
Lavera,Perin,Miami,FL,33196
Erick,Ferencz,Fairbanks,AK,99712
Fatima,Saylors,Hopkins,MN,55343
Jina,Briddick,Boston,MA,2128
Kanisha,Waycott,Los Angeles,CA,90006
Emerson,Bowley,Madison,WI,53711
Blair,Malet,Philadelphia,PA,19132
Brock,Bolognia,New York,NY,10003
Lorrie,Nestle,Tullahoma,TN,37388
Sabra,Uyetake,Columbia,SC,29201
Marjory,Mastella,Wayne,PA,19087
Karl,Klonowski,Flemington,NJ,8822
Tonette,Wenner,Westbury,NY,11590
Amber,Monarrez,Jenkintown,PA,19046
Shenika,Seewald,Van Nuys,CA,91405
Delmy,Ahle,Providence,RI,2909
Deeanna,Juhas,Huntingdon Valley,PA,19006
Blondell,Pugh,Providence,RI,2904
Jamal,Vanausdal,Monroe Township,NJ,8831
Cecily,Hollack,Austin,TX,78731
Carmelina,Lindall,Littleton,CO,80126
Maurine,Yglesias,Milwaukee,WI,53214
Tawna,Buvens,New York,NY,10009
Penney,Weight,Anchorage,AK,99515
Elly,Morocco,Erie,PA,16502
Ilene,Eroman,Glen Burnie,MD,21061
Vallie,Mondella,Boise,ID,83707
Kallie,Blackwood,San Francisco,CA,94104
Johnetta,Abdallah,Chapel Hill,NC,27514
Bobbye,Rhym,San Carlos,CA,94070
Micaela,Rhymes,Concord,CA,94520
Tamar,Hoogland,London,OH,43140
Moon,Parlato,Wellsville,NY,14895
Laurel,Reitler,Baltimore,MD,21215
Delisa,Crupi,Newark,NJ,7105
Viva,Toelkes,Chicago,IL,60647
Elza,Lipke,Newark,NJ,7104
Devorah,Chickering,Clovis,NM,88101
Timothy,Mulqueen,Staten Island,NY,10309
Arlette,Honeywell,Jacksonville,FL,32254
Dominque,Dickerson,Hayward,CA,94545
Lettie,Isenhower,Beachwood,OH,44122
Myra,Munns,Euless,TX,76040
Stephaine,Barfield,Gardena,CA,90247
Lai,Gato,Evanston,IL,60201
Stephen,Emigh,Akron,OH,44302
Tyra,Shields,Philadelphia,PA,19106
Tammara,Wardrip,Burlingame,CA,94010
Cory,Gibes,San Gabriel,CA,91776
Danica,Bruschke,Waco,TX,76708
Wilda,Giguere,Anchorage,AK,99501
Elvera,Benimadho,San Jose,CA,95110
Carma,Vanheusen,San Leandro,CA,94577
Malinda,Hochard,Indianapolis,IN,46202
Natalie,Fern,Rock Springs,WY,82901
Lisha,Centini,Mc Lean,VA,22102
Arlene,Klusman,New Orleans,LA,70112
Alease,Buemi,Boulder,CO,80303
Louisa,Cronauer,San Leandro,CA,94577
Angella,Cetta,Honolulu,HI,96817
Cyndy,Goldammer,Burnsville,MN,55337
Rosio,Cork,High Point,NC,27263
Celeste,Korando,Lynbrook,NY,11563
Twana,Felger,Portland,OR,97224
Estrella,Samu,Beloit,WI,53511
Donte,Kines,Worcester,MA,1602
Tiffiny,Steffensmeier,Miami,FL,33133
Edna,Miceli,Erie,PA,16502
Sue,Kownacki,Mesquite,TX,75149
Jesusa,Shin,Tullahoma,TN,37388
Rolland,Francescon,Paterson,NJ,7501
Pamella,Schmierer,Homestead,FL,33030
Glory,Kulzer,Owings Mills,MD,21117
Shawna,Palaspas,Thousand Oaks,CA,91362
Brandon,Callaro,Honolulu,HI,96819
Scarlet,Cartan,Albany,GA,31701
Oretha,Menter,Boston,MA,2210
Ty,Smith,Hackensack,NJ,7601
Xuan,Rochin,San Mateo,CA,94403
Lindsey,Dilello,Ontario,CA,91761
Devora,Perez,Oakland,CA,94606
Herman,Demesa,Troy,NY,12180
Rory,Papasergi,Clarks Summit,PA,18411
Talia,Riopelle,Orange,NJ,7050
Van,Shire,Pittstown,NJ,8867
Lucina,Lary,Cocoa,FL,32922
Bok,Isaacs,Bronx,NY,10468
Rolande,Spickerman,Pearl City,HI,96782
Howard,Paulas,Denver,CO,80231
Kimbery,Madarang,Rockaway,NJ,7866
Thurman,Manno,Absecon,NJ,8201
Becky,Mirafuentes,Plainfield,NJ,7062
Beatriz,Corrington,Middleboro,MA,2346
Marti,Maybury,Chicago,IL,60638
Nieves,Gotter,Portland,OR,97202
Leatha,Hagele,Dallas,TX,75227
Valentin,Klimek,Chicago,IL,60604
Melissa,Wiklund,Findlay,OH,45840
Sheridan,Zane,Riverside,CA,92501
Bulah,Padilla,Waco,TX,76707
Audra,Kohnert,Nashville,TN,37211
Daren,Weirather,Milwaukee,WI,53216
Fernanda,Jillson,Preston,MD,21655
Gearldine,Gellinger,Irving,TX,75061
Chau,Kitzman,Beverly Hills,CA,90212
Theola,Frey,Massapequa,NY,11758
Cheryl,Haroldson,Atlantic City,NJ,8401
Laticia,Merced,Cincinnati,OH,45203
Carissa,Batman,Eugene,OR,97401
Lezlie,Craghead,Smithfield,NC,27577
Ozell,Shealy,New York,NY,10002
Arminda,Parvis,Phoenix,AZ,85017
Reita,Leto,Indianapolis,IN,46240
Yolando,Luczki,Syracuse,NY,13214
Lizette,Stem,Cherry Hill,NJ,8002
Gregoria,Pawlowicz,Garden City,NY,11530
Carin,Deleo,Little Rock,AR,72202
Chantell,Maynerich,Saint Paul,MN,55101
Dierdre,Yum,Philadelphia,PA,19134
Larae,Gudroe,Houma,LA,70360
Latrice,Tolfree,Ronkonkoma,NY,11779
Kerry,Theodorov,Sacramento,CA,95827
Dorthy,Hidvegi,Boise,ID,83704
Fannie,Lungren,Round Rock,TX,78664
Evangelina,Radde,Philadelphia,PA,19123
Novella,Degroot,Hilo,HI,96720
Clay,Hoa,Reno,NV,89502
Jennifer,Fallick,Wheeling,IL,60090
Irma,Wolfgramm,Randolph,NJ,7869
Eun,Coody,Spartanburg,SC,29301
Sylvia,Cousey,Hampstead,MD,21074
Nana,Wrinkles,Mount Vernon,NY,10553
Layla,Springe,New York,NY,10011
Joesph,Degonia,Berkeley,CA,94710
Annabelle,Boord,Concord,MA,1742
Stephaine,Vinning,San Francisco,CA,94104
Nelida,Sawchuk,Paramus,NJ,7652
Marguerita,Hiatt,Oakley,CA,94561
Carmela,Cookey,Chicago,IL,60623
Junita,Brideau,Cedar Grove,NJ,7009
Claribel,Varriano,Perrysburg,OH,43551
Benton,Skursky,Gardena,CA,90248
Hillary,Skulski,Homosassa,FL,34448
Merilyn,Bayless,Santa Clara,CA,95054
Teri,Ennaco,Hazleton,PA,18201
Merlyn,Lawler,Jersey City,NJ,7304
Georgene,Montezuma,San Ramon,CA,94583
Jettie,Mconnell,Bridgewater,NJ,8807
Lemuel,Latzke,Bohemia,NY,11716
Melodie,Knipp,Thousand Oaks,CA,91362
Candida,Corbley,Somerville,NJ,8876
Karan,Karpin,Beaverton,OR,97005
Andra,Scheyer,Salem,OR,97302
Felicidad,Poullion,Riverton,NJ,8077
Belen,Strassner,Douglasville,GA,30135
Gracia,Melnyk,Jacksonville,FL,32216
Jolanda,Hanafan,Bangor,ME,4401
Barrett,Toyama,Kennedale,TX,76060
Helga,Fredicks,Buffalo,NY,14228
Ashlyn,Pinilla,Opa Locka,FL,33054
Fausto,Agramonte,New York,NY,10038
Ronny,Caiafa,Philadelphia,PA,19103
Marge,Limmel,Crestview,FL,32536
Norah,Waymire,San Francisco,CA,94107
Aliza,Baltimore,San Jose,CA,95132
Mozell,Pelkowski,South San Francisco,CA,94080
Viola,Bitsuie,Northridge,CA,91325
Franklyn,Emard,Philadelphia,PA,19103
Willodean,Konopacki,Lafayette,LA,70506
Beckie,Silvestrini,Dearborn,MI,48126
Rebecka,Gesick,Austin,TX,78754
Frederica,Blunk,Dallas,TX,75207
Glen,Bartolet,Vashon,WA,98070
Freeman,Gochal,Coatesville,PA,19320
Vincent,Meinerding,Philadelphia,PA,19143
Rima,Bevelacqua,Gardena,CA,90248
Glendora,Sarbacher,Rohnert Park,CA,94928
Avery,Steier,Orlando,FL,32803
Cristy,Lother,Escondido,CA,92025
Nicolette,Brossart,Westborough,MA,1581
Tracey,Modzelewski,Conroe,TX,77301
Virgina,Tegarden,Milwaukee,WI,53226
Tiera,Frankel,El Monte,CA,91731
Alaine,Bergesen,Yonkers,NY,10701
Earleen,Mai,Dallas,TX,75227
Leonida,Gobern,Biloxi,MS,39530
Ressie,Auffrey,Miami,FL,33134
Justine,Mugnolo,New York,NY,10048
Eladia,Saulter,Ramsey,NJ,7446
Chaya,Malvin,Ann Arbor,MI,48103
Gwenn,Suffield,Deer Park,NY,11729
Salena,Karpel,Canton,OH,44707
Yoko,Fishburne,New Haven,CT,6511
Taryn,Moyd,Fairfax,VA,22030
Katina,Polidori,Wilmington,MA,1887
Rickie,Plumer,Toledo,OH,43613
Alex,Loader,Tacoma,WA,98409
Lashon,Vizarro,Roseville,CA,95661
Lauran,Burnard,Riverton,WY,82501
Ceola,Setter,Warren,ME,4864
My,Rantanen,Richboro,PA,18954
Lorrine,Worlds,Tampa,FL,33614
Peggie,Sturiale,El Cajon,CA,92020
Marvel,Raymo,College Station,TX,77840
Daron,Dinos,Highland Park,IL,60035
An,Fritz,Atlantic City,NJ,8401
Portia,Stimmel,Bridgewater,NJ,8807
Rhea,Aredondo,Brooklyn,NY,11226
Benedict,Sama,Saint Louis,MO,63104
Alyce,Arias,Stockton,CA,95207
Heike,Berganza,Little Falls,NJ,7424
Carey,Dopico,Indianapolis,IN,46220
Dottie,Hellickson,Seattle,WA,98133
Deandrea,Hughey,Burlington,NC,27215
Kimberlie,Duenas,Hays,KS,67601
Martina,Staback,Orlando,FL,32822
Skye,Fillingim,Minneapolis,MN,55401
Jade,Farrar,Columbia,SC,29201
Charlene,Hamilton,Santa Rosa,CA,95407
Geoffrey,Acey,Palatine,IL,60067
Stevie,Westerbeck,Costa Mesa,CA,92626
Pamella,Fortino,Denver,CO,80212
Harrison,Haufler,New Haven,CT,6515
Johnna,Engelberg,Bothell,WA,98021
Buddy,Cloney,Strongsville,OH,44136
Dalene,Riden,Plaistow,NH,3865
Jerry,Zurcher,Satellite Beach,FL,32937
Haydee,Denooyer,New York,NY,10016
Joseph,Cryer,Huntington Beach,CA,92647
Deonna,Kippley,Southfield,MI,48075
Raymon,Calvaresi,Indianapolis,IN,46222
Alecia,Bubash,Wichita Falls,TX,76301
Ma,Layous,North Haven,CT,6473
Detra,Coyier,Aberdeen,MD,21001
Terrilyn,Rodeigues,New Orleans,LA,70130
Salome,Lacovara,Richmond,VA,23219
Garry,Keetch,Southampton,PA,18966
Matthew,Neither,Shakopee,MN,55379
Theodora,Restrepo,Miami,FL,33136
Noah,Kalafatis,Milwaukee,WI,53209
Carmen,Sweigard,Somerset,NJ,8873
Lavonda,Hengel,Fargo,ND,58102
Junita,Stoltzman,Carson City,NV,89701
Herminia,Nicolozakes,Scottsdale,AZ,85254
Casie,Good,Nashville,TN,37211
Reena,Maisto,Salisbury,MD,21801
Mirta,Mallett,New York,NY,10004
Cathrine,Pontoriero,Amarillo,TX,79109
Filiberto,Tawil,Los Angeles,CA,90016
Raul,Upthegrove,La Mesa,CA,91942
Sarah,Candlish,Atlanta,GA,30328
Lucy,Treston,Worcester,MA,1602
Judy,Aquas,Niles,MI,49120
Yvonne,Tjepkema,Fairfield,NJ,7004
Kayleigh,Lace,Lafayette,LA,70508
Felix,Hirpara,Denver,PA,17517
Tresa,Sweely,Valley Park,MO,63088
Kristeen,Turinetti,Arlington,TX,76013
Jenelle,Regusters,Tampa,FL,33619
Renea,Monterrubio,Atlanta,GA,30328
Olive,Matuszak,Cathedral City,CA,92234
Ligia,Reiber,Lansing,MI,48933
Christiane,Eschberger,Phoenix,AZ,85034
Goldie,Schirpke,Bangor,ME,4401
Loreta,Timenez,Clinton,MD,20735
Fabiola,Hauenstein,York,PA,17404
Amie,Perigo,Mesquite,TX,75150
Raina,Brachle,Butte,MT,59701
Erinn,Canlas,Livingston,NJ,7039
Cherry,Lietz,Waterford,MI,48329
Kattie,Vonasek,Cleveland,OH,44103
Lilli,Scriven,Abilene,TX,79601
Whitley,Tomasulo,Fort Worth,TX,76107
Barbra,Adkin,Brooklyn,NY,11230
Hermila,Thyberg,Providence,RI,2903
Jesusita,Flister,Lancaster,PA,17601
Caitlin,Julia,Johnston,RI,2919
Roosevelt,Hoffis,Hialeah,FL,33014
Helaine,Halter,Jersey City,NJ,7304
Lorean,Martabano,San Antonio,TX,78204
France,Buzick,Brooklyn,NY,11219
Justine,Ferrario,Pomona,CA,91768
Adelina,Nabours,Cleveland,OH,44103
Derick,Dhamer,New York,NY,10013
Jerry,Dallen,Richmond,VA,23219
Leota,Ragel,Trion,GA,30753
Jutta,Amyot,Broussard,LA,70518
Aja,Gehrett,Nutley,NJ,7110
Kirk,Herritt,Vestal,NY,13850
Leonora,Mauson,Passaic,NJ,7055
Winfred,Brucato,Moscow,ID,83843
Tarra,Nachor,San Francisco,CA,94104
Corinne,Loder,North Attleboro,MA,2760
Dulce,Labreche,Rochester,MI,48307
Kate,Keneipp,Green Bay,WI,54301
Kaitlyn,Ogg,Baltimore,MD,21230
Sherita,Saras,Colorado Springs,CO,80937
Lashawnda,Stuer,Toledo,OH,43607
Ernest,Syrop,Hyattsville,MD,20785
Nobuko,Halsey,New Bedford,MA,2745
Lavonna,Wolny,Mc Lean,VA,22102
Lashaunda,Lizama,Hanover,MD,21076
Mariann,Bilden,Austin,TX,78753
Helene,Rodenberger,Peoria,AZ,85381
Roselle,Estell,Bucyrus,OH,44820
Samira,Heintzman,Kent,WA,98032
Margart,Meisel,Cincinnati,OH,45251
Kristofer,Bennick,Bloomington,IN,47404
Weldon,Acuff,Arlington Heights,IL,60004
Shalon,Shadrick,Brooklyn,NY,11223
Denise,Patak,Orlando,FL,32801
Louvenia,Beech,Beverly Hills,CA,90210
Audry,Yaw,Brandon,FL,33511
Kristel,Ehmann,El Paso,TX,79925
Vincenza,Zepp,El Cajon,CA,92020
Elouise,Gwalthney,Bladensburg,MD,20710
Venita,Maillard,Anaheim,CA,92801
Kasandra,Semidey,Saint Louis,MO,63102
Xochitl,Discipio,Round Rock,TX,78664
Maile,Linahan,Greensboro,NC,27409
Krissy,Rauser,Coram,NY,11727
Pete,Dubaldi,Lyndhurst,NJ,7071
Linn,Paa,Memphis,TN,38112
Paris,Wide,Atlanta,GA,30342
Wynell,Dorshorst,Pacifica,CA,94044
Quentin,Birkner,Burnsville,MN,55337
Regenia,Kannady,Scottsdale,AZ,85260
Sheron,Louissant,Long Island City,NY,11101
Izetta,Funnell,Atlanta,GA,30340
Rodolfo,Butzen,Northfield,MN,55057
Zona,Colla,Norwalk,CT,6854
Serina,Zagen,Fort Wayne,IN,46802
Paz,Sahagun,Meridian,MS,39307
Markus,Lukasik,Sterling Heights,MI,48310
Jaclyn,Bachman,Colorado Springs,CO,80919
Cyril,Daufeldt,New York,NY,10013
Gayla,Schnitzler,Hayward,CA,94545
Erick,Nievas,Chicago,IL,60624
Jennie,Drymon,Scranton,PA,18509
Mitsue,Scipione,Oroville,CA,95965
Ciara,Ventura,Port Jervis,NY,12771
Galen,Cantres,Brook Park,OH,44142
Truman,Feichtner,Bloomfield,NJ,7003
Gail,Kitty,Anchorage,AK,99501
Dalene,Schoeneck,Philadelphia,PA,19102
Gertude,Witten,Cincinnati,OH,45217
Lizbeth,Kohl,Gardena,CA,90248
Glenn,Berray,Des Moines,IA,50315
Lashandra,Klang,King of Prussia,PA,19406
Lenna,Newville,Raleigh,NC,27601
Laurel,Pagliuca,Richland,WA,99352
Mireya,Frerking,Pelham,NY,10803
Annelle,Tagala,Parkville,MD,21234
Dean,Ketelsen,Hicksville,NY,11801
Levi,Munis,Worcester,MA,1603
Sylvie,Ryser,Tulsa,OK,74105
Sharee,Maile,Muskegon,MI,49442
Cordelia,Storment,Lafayette,LA,70506
Mollie,Mcdoniel,Bowling Green,OH,43402
Brett,Mccullan,La Mesa,CA,91942
Teddy,Pedrozo,Bridgeport,CT,6610
Tasia,Andreason,Kearny,NJ,7032
Hubert,Walthall,Barberton,OH,44203
Arthur,Farrow,Englewood,NJ,7631
Vilma,Berlanga,Grand Rapids,MI,49546
Billye,Miro,Pearl,MS,39208
Glenna,Slayton,Memphis,TN,38118
Mitzie,Hudnall,Englewood,CO,80110
Bernardine,Rodefer,Memphis,TN,38112
Staci,Schmaltz,Pasadena,CA,91106
Nichelle,Meteer,Chicago,IL,60657
Janine,Rhoden,Astoria,NY,11103
Ettie,Hoopengardner,Richland,WA,99352
Eden,Jayson,Baltimore,MD,21202
Lynelle,Auber,Newark,NJ,7104
Merissa,Tomblin,Bellflower,CA,90706
Golda,Kaniecki,Toms River,NJ,8755
Catarina,Gleich,Denville,NJ,7834
Virgie,Kiel,Denver,CO,80216
Jolene,Ostolaza,Newport News,VA,23608
Keneth,Borgman,Phoenix,AZ,85012
Rikki,Nayar,Miami,FL,33155
Elke,Sengbusch,Phoenix,AZ,85013
Hoa,Sarao,Oak Hill,FL,32759
Trinidad,Mcrae,San Francisco,CA,94105
Mari,Lueckenbach,San Diego,CA,92110
Selma,Husser,Jersey City,NJ,7306
Antione,Onofrio,San Bernardino,CA,92410
Luisa,Jurney,Cambridge,MA,2138
Clorinda,Heimann,Escondido,CA,92025
Dick,Wenzinger,Gardena,CA,90248
Ahmed,Angalich,Harrisburg,PA,17110
Iluminada,Ohms,Mesa,AZ,85204
Joanna,Leinenbach,Lake Worth,FL,33461
Caprice,Suell,Nashville,TN,37211
Stephane,Myricks,Burlington,KY,41005
Quentin,Swayze,Milan,MI,48160
Annmarie,Castros,Conroe,TX,77301
Shonda,Greenbush,Clifton,NJ,7011
Cecil,Lapage,Union City,NJ,7087
Jeanice,Claucherty,Miami,FL,33142
Josphine,Villanueva,Moss,TN,38575
Daniel,Perruzza,Santa Ana,CA,92705
Cassi,Wildfong,Rolling Meadows,IL,60008
Britt,Galam,Hatfield,PA,19440
Adell,Lipkin,Whippany,NJ,7981
Jacqueline,Rowling,Erie,PA,16501
Lonny,Weglarz,Salt Lake City,UT,84115
Lonna,Diestel,Fayetteville,NC,28301
Cristal,Samara,Los Angeles,CA,90021
Kenneth,Grenet,East Lansing,MI,48823
Elli,Mclaird,Utica,NY,13501
Alline,Jeanty,South Bend,IN,46601
Sharika,Eanes,Orlando,FL,32806
Nu,Mcnease,Harrison,NJ,7029
Daniela,Comnick,Trenton,NJ,8611
Cecilia,Colaizzo,Madison,WI,53717
Leslie,Threets,Katonah,NY,10536
Nan,Koppinger,Greensboro,NC,27401
Izetta,Dewar,Baltimore,MD,21217
Tegan,Arceo,Monroe Township,NJ,8831
Ruthann,Keener,Kerrville,TX,78028
Joni,Breland,Elk Grove Village,IL,60007
Vi,Rentfro,Freehold,NJ,7728
Colette,Kardas,Omaha,NE,68124
Malcolm,Tromblay,Annandale,VA,22003
Ryan,Harnos,Plano,TX,75075
Jess,Chaffins,New York,NY,10016
Sharen,Bourbon,Syosset,NY,11791
Nickolas,Juvera,Crystal River,FL,34429
Gary,Nunlee,Fortville,IN,46040
Diane,Devreese,Saint Joseph,MO,64504
Roslyn,Chavous,Jackson,MS,39211
Glory,Schieler,Abilene,TX,79602
Rasheeda,Sayaphon,Saratoga,CA,95070
Alpha,Palaia,Cherry Hill,NJ,8003
Refugia,Jacobos,Hayward,CA,94545
Shawnda,Yori,Longwood,FL,32750
Mona,Delasancha,Cheyenne,WY,82001
Gilma,Liukko,Garden City,NY,11530
Janey,Gabisi,Madison,WI,53715
Lili,Paskin,Kearny,NJ,7032
Loren,Asar,Old Forge,PA,18518
Dorothy,Chesterfield,San Diego,CA,92126
Gail,Similton,Thousand Palms,CA,92276
Catalina,Tillotson,Margate City,NJ,8402
Lawrence,Lorens,Providence,RI,2906
Carlee,Boulter,Abilene,KS,67410
Thaddeus,Ankeny,Roseville,CA,95678
Jovita,Oles,Daytona Beach,FL,32114
Alesia,Hixenbaugh,Washington,DC,20001
Lai,Harabedian,Novato,CA,94945
Brittni,Gillaspie,Boise,ID,83709
Raylene,Kampa,Elkhart,IN,46514
Flo,Bookamer,Alliance,NE,69301
Jani,Biddy,Seattle,WA,98104
Chauncey,Motley,Orlando,FL,32804
